Serial No.,Email
1,noticias@msn.com
2,jfreedma@yahoo.com
3,jramio@gmail.com
4,starstuff@verizon.net
5,tangsh@gmail.com
6,sopwith@comcast.net
7,mchugh@outlook.com
8,marin@yahoo.ca
9,delpino@optonline.net
10,hmbrand@verizon.net
11,devphil@comcast.net
12,carreras@live.com
13,wenzlaff@msn.com
14,smcnabb@outlook.com
15,avalon@gmail.com
16,openldap@optonline.net
17,podmaster@comcast.net
18,osrin@yahoo.ca
19,jbryan@verizon.net
20,codex@yahoo.ca
21,benits@outlook.com
22,thowell@outlook.com
23,jschauma@mac.com
24,kayvonf@outlook.com
25,tkrotchko@att.net
26,stinson@aol.com
27,hling@yahoo.ca
28,wikinerd@gmail.com
29,cgcra@att.net
30,terjesa@yahoo.ca
31,themer@att.net
32,stewwy@mac.com
33,jmmuller@live.com
34,devphil@gmail.com
35,dogdude@optonline.net
36,fluffy@comcast.net
37,amichalo@mac.com
38,gboss@hotmail.com
39,pontipak@aol.com
40,seano@icloud.com
41,amcuri@me.com
42,sburke@optonline.net
43,ovprit@icloud.com
44,jespley@outlook.com
45,johndo@me.com
46,jyoliver@icloud.com
47,evans@icloud.com
48,stecoop@verizon.net
49,gamma@att.net
50,cyrus@live.com
51,crimsane@icloud.com
52,wkrebs@optonline.net
53,boftx@hotmail.com
54,nasarius@yahoo.ca
55,eimear@yahoo.ca
56,onestab@live.com
57,ahuillet@gmail.com
58,kohlis@me.com
59,kosact@yahoo.ca
60,scarolan@aol.com
61,mirod@live.com
62,facet@outlook.com
63,rafasgj@mac.com
64,xtang@icloud.com
65,adhere@hotmail.com
66,thaljef@comcast.net
67,jlbaumga@att.net
68,khris@aol.com
69,luebke@verizon.net
70,lukka@gmail.com
71,openldap@comcast.net
72,carreras@msn.com
73,jbailie@verizon.net
74,marcs@yahoo.ca
75,flaviog@sbcglobal.net
76,duncand@sbcglobal.net
77,ullman@hotmail.com
78,miyop@comcast.net
79,hillct@live.com
80,noahb@yahoo.com
81,meinkej@verizon.net
82,schwaang@sbcglobal.net
83,shaffei@yahoo.com
84,delpino@verizon.net
85,naupa@optonline.net
86,peterhoeg@icloud.com
87,cgcra@outlook.com
88,bolow@sbcglobal.net
89,treit@comcast.net
90,seebs@optonline.net
91,howler@sbcglobal.net
92,bancboy@yahoo.com
93,roesch@optonline.net
94,tmaek@msn.com
95,gbacon@optonline.net
96,ilial@sbcglobal.net
97,mosses@msn.com
98,harpes@sbcglobal.net
99,schwaang@att.net
100,jrkorson@comcast.net
101,arathi@me.com
102,firstpr@aol.com
103,nelson@yahoo.com
104,lbecchi@yahoo.ca
105,lstein@icloud.com
106,microfab@hotmail.com
107,nacho@icloud.com
108,chaffar@yahoo.ca
109,fwitness@me.com
110,leocharre@yahoo.ca
111,dialworld@icloud.com
112,matty@verizon.net
113,penna@mac.com
114,sethbrown@att.net
115,janusfury@outlook.com
116,keiji@verizon.net
117,mglee@comcast.net
118,sequin@mac.com
119,msusa@optonline.net
120,fwitness@verizon.net
121,nullchar@msn.com
122,mcmillan@outlook.com
123,webdragon@comcast.net
124,chrwin@icloud.com
125,luvirini@verizon.net
126,wetter@aol.com
127,dgatwood@mac.com
128,preneel@mac.com
129,jfmulder@optonline.net
130,moonlapse@gmail.com
131,melnik@yahoo.ca
132,jpflip@yahoo.com
133,ribet@yahoo.com
134,smartfart@sbcglobal.net
135,pgottsch@att.net
136,bhima@outlook.com
137,gavinls@icloud.com
138,lbaxter@verizon.net
139,crandall@msn.com
140,nweaver@verizon.net
141,parasite@verizon.net
142,burns@gmail.com
143,augusto@verizon.net
144,rupak@gmail.com
145,arnold@verizon.net
146,larry@verizon.net
147,gbacon@verizon.net
148,alfred@sbcglobal.net
149,psichel@att.net
150,adillon@sbcglobal.net
